{"cameraMode":{"drawMode":0,"name":"Shaded","section":"Shading Mode"},"sceneLighting":false,"audioPlay":false,"sceneViewState":{"showFog":true,"showMaterialUpdate":false,"showSkybox":true,"showFlares":true,"showImageEffects":true,"showParticleSystems":true},"in2DMode":false,"pivot":{"x":-0.4980583190917969,"y":1.4843610525131226,"z":-0.3071472644805908},"rotation":{"x":-0.051033832132816318,"y":0.8077577948570252,"z":-0.07070484012365341,"w":-0.5830298662185669},"size":2.8578836917877199,"orthographic":false}